Action,Time,ISIN,Ticker,Name,Notes,ID,No. of shares,Price / share,Currency (Price / share),Exchange rate,Result,Currency (Result),Total,Currency (Total),Currency conversion fee,Currency (Currency conversion fee)
Deposit,2024-11-26 12:30:02,,,,"Transaction ID: 2ef6ea62-0a52-4191-81d5-14c28d4093e6",d6b42b57-19ed-4710-b52f-c8ed12ed5ff2,,,,,,,500.00,"GBP",,
Deposit,2024-11-26 16:45:48,,,,"Transaction ID: b5a33ad9-9efa-4d23-b836-684267fce939",f9871c35-236c-4539-9edf-cd2c5bca345e,,,,,,,500.00,"GBP",,
Market buy,2024-11-27 08:00:31.391,IE00B53SZB19,CNX1,"iShares NASDAQ 100 (Acc)",,EOF24105514459,0.1475252500,94899.00,GBX,100.00000000,,"GBP",140.00,"GBP",,
Market buy,2024-11-27 08:01:02.342,IE00BNG8L278,V3AB,"Vanguard ESG Global All Cap (Acc)",,EOF24105518002,76.4525800000,5.23,GBP,1.00000000,,"GBP",400.00,"GBP",,
Market buy,2024-11-27 08:05:23.748,IE00BK5BR733,VFEG,"Vanguard FTSE Emerging Markets (Acc)",,EOF24105521867,3.9983980000,50.02,GBP,1.00000000,,"GBP",200.00,"GBP",,
Market buy,2024-11-28 08:00:31.398,IE00BNG8L278,V3AB,"Vanguard ESG Global All Cap (Acc)",,EOF24155812572,49.9327600000,5.21,GBP,1.00000000,,"GBP",260.00,"GBP",,
Deposit,2024-12-13 14:29:32,,,,"Transaction ID: a13361d5-98f4-454c-85a9-ebab3c7aadfe",9ae696a7-63d2-4412-b00e-c1a8ca49dcb5,,,,,,,500.00,"GBP",,
Market buy,2024-12-16 10:37:54.589,IE00BK5BR733,VFEG,"Vanguard FTSE Emerging Markets (Acc)",,EOF25101361389,1.1794750000,50.87,GBP,1.00000000,,"GBP",60.00,"GBP",,
Market buy,2024-12-16 11:47:23.133,IE00BNG8L278,V3AB,"Vanguard ESG Global All Cap (Acc)",,EOF25101367887,57.0342000000,5.26,GBP,1.00000000,,"GBP",300.00,"GBP",,
Market buy,2024-12-17 10:05:03.994,IE00B53SZB19,CNX1,"iShares NASDAQ 100 (Acc)",,EOF25110136565,0.1407204700,99488.00,GBX,100.00000000,,"GBP",140.00,"GBP",,
Deposit,2024-12-19 10:17:35,,,,"Transaction ID: 14391372-cbca-44c0-b6e3-2a1dac2d6c44",a1098283-bfc0-4f63-8087-b454df219179,,,,,,,304.00,"GBP",,
Market buy,2024-12-19 10:20:45.021,IE00B53SZB19,CNX1,"iShares NASDAQ 100 (Acc)",,EOF25250435467,0.0519135200,96314.00,GBX,100.00000000,,"GBP",50.00,"GBP",,
Market buy,2024-12-19 10:31:12.613,IE00BK5BR733,VFEG,"Vanguard FTSE Emerging Markets (Acc)",,EOF25250436520,0.8003180000,49.98,GBP,1.00000000,,"GBP",40.00,"GBP",,
Market buy,2024-12-19 13:07:44.835,IE00B53SZB19,CNX1,"iShares NASDAQ 100 (Acc)",,EOF25252256029,0.0556924800,96961.00,GBX,100.00000000,,"GBP",54.00,"GBP",,
Market buy,2024-12-19 13:12:46.396,IE00BK5BR733,VFEG,"Vanguard FTSE Emerging Markets (Acc)",,EOF25252256757,3.1891540000,50.17,GBP,1.00000000,,"GBP",160.00,"GBP",,
Deposit,2025-01-22 09:59:24.849,,,,"Transaction ID: 271ad6cd-526d-44c6-ac10-3041802188e1",1150c0e4-fa06-4239-ae9f-4167bf0c3716,,,,,,,200.00,"GBP",,
Market buy,2025-01-22 13:00:52.789,US83404D1090,SFTBY,"SoftBank",,EOF26910047331,0.4349880000,34.04,USD,1.23597591,,"GBP",12.00,"GBP",0.02,"GBP"
Market buy,2025-01-22 14:30:00.901,US29444U7000,EQIX,"Equinix",,EOF26950658184,0.0128790000,956.46,USD,1.23429342,,"GBP",9.99,"GBP",0.01,"GBP"
Market buy,2025-01-22 14:30:00.901,US5738741041,MRVL,"Marvell Technology",,EOF26950658180,0.1182552000,125.00,USD,1.23388146,,"GBP",12.00,"GBP",0.02,"GBP"
Market buy,2025-01-22 14:30:01.413,US5951121038,MU,"Micron Technology",,EOF26950658396,0.1353653000,109.20,USD,1.23388069,,"GBP",12.00,"GBP",0.02,"GBP"
Market buy,2025-01-22 14:30:02.265,US0420682058,ARM,"ARM",,EOF26950660102,0.0536143000,160.83,USD,1.23358910,,"GBP",7.00,"GBP",0.01,"GBP"
Market buy,2025-01-22 14:30:02.265,US4581401001,INTC,"Intel",,EOF26950660098,0.3399720000,21.74,USD,1.23388836,,"GBP",6.00,"GBP",0.01,"GBP"
Market buy,2025-01-22 14:30:02.265,US11135F1012,AVGO,"Broadcom",,EOF26950660110,0.0498639000,247.04,USD,1.23430639,,"GBP",9.99,"GBP",0.01,"GBP"
Market buy,2025-01-22 14:30:02.265,US5949181045,MSFT,"Microsoft",,EOF26950660106,0.0112546000,437.80,USD,1.23490322,,"GBP",4.00,"GBP",0.01,"GBP"
Market buy,2025-01-22 14:30:04.113,US21037T1097,CEG,"Constellation Energy",,EOF26950661593,0.0074654000,330.00,USD,1.23179100,,"GBP",2.00,"GBP",,
Market buy,2025-01-22 14:30:04.113,US00766T1007,ACM,"AECOM",,EOF26950661589,0.0330960000,111.66,USD,1.23183312,,"GBP",3.00,"GBP",,
Market buy,2025-01-22 14:30:04.113,US48203R1041,JNPR,"Juniper Networks",,EOF26950661597,0.1276500000,38.60,USD,1.23490977,,"GBP",4.00,"GBP",0.01,"GBP"
Market buy,2025-01-22 14:30:06.57,US9291601097,VMC,"Vulcan Materials",,EOF26950669176,0.0133137000,277.57,USD,1.23182790,,"GBP",3.00,"GBP",,
Market buy,2025-01-22 14:30:06.57,US2538681030,DLR,"Digital Realty Trust",,EOF26950669184,0.0359227000,185.00,USD,1.23296836,,"GBP",5.40,"GBP",0.01,"GBP"
Market buy,2025-01-22 14:30:06.57,IE00B8KQN827,ETN,"Eaton",,EOF26950669180,0.0066050000,373.00,USD,1.23183250,,"GBP",2.00,"GBP",,
Market buy,2025-01-22 14:30:06.57,US46284V1017,IRM,"Iron Mountain",,EOF26950664900,0.0552394000,111.50,USD,1.23430723,,"GBP",5.00,"GBP",0.01,"GBP"
Market buy,2025-01-22 14:30:06.57,IE00BY7QL619,JCI,"Johnson Controls International",,EOF26950664880,0.0297280000,82.87,USD,1.23177968,,"GBP",2.00,"GBP",,
Market buy,2025-01-22 14:30:06.57,US1491231015,CAT,"Caterpillar",,EOF26950664876,0.0092619000,399.00,USD,1.23183270,,"GBP",3.00,"GBP",,
Market buy,2025-01-22 14:30:06.57,US46982L1089,J,"Jacobs Solutions",,EOF26950664888,0.0260356000,141.94,USD,1.23183102,,"GBP",3.00,"GBP",,
Market buy,2025-01-22 14:30:06.57,US1717793095,CIEN,"Ciena",,EOF26950664884,0.0529810000,93.00,USD,1.23489548,,"GBP",4.00,"GBP",0.01,"GBP"
Market buy,2025-01-22 14:30:06.57,US0079031078,AMD,"Advanced Micro Devices",,EOF26950664896,0.1201015000,123.08,USD,1.23389754,,"GBP",12.00,"GBP",0.02,"GBP"
Market buy,2025-01-22 14:30:06.57,US3434121022,FLR,"Fluor",,EOF26950664892,0.0678940000,54.43,USD,1.23182347,,"GBP",3.00,"GBP",,
Market buy,2025-01-22 14:30:06.57,US67066G1040,NVDA,"Nvidia",,EOF26950669192,0.0510505000,144.78,USD,1.23390507,,"GBP",6.00,"GBP",0.01,"GBP"
Market buy,2025-01-22 14:30:06.57,US02156V1098,OKLO,"Oklo",,EOF26950669188,0.2240400000,32.99,USD,1.23390310,,"GBP",6.00,"GBP",0.01,"GBP"
Market buy,2025-01-22 14:30:06.571,US92537N1081,VRT,"Vertiv",,EOF26950671309,0.0246150000,150.14,USD,1.23189870,,"GBP",3.00,"GBP",,
Market buy,2025-01-22 14:30:06.571,US0404132054,ANET,"Arista Networks",,EOF26950671319,0.0780981000,126.19,USD,1.23344170,,"GBP",8.00,"GBP",0.01,"GBP"
Market buy,2025-01-22 14:30:07.685,US2538681030,DLR,"Digital Realty Trust",,EOF26950672709,0.0306637000,185.00,USD,1.23321402,,"GBP",4.61,"GBP",0.01,"GBP"
Market buy,2025-01-22 14:30:07.685,US8740391003,TSM,"Taiwan Semiconductor Manufacturing",,EOF26950672697,0.0775550000,222.38,USD,1.23366816,,"GBP",14.00,"GBP",0.02,"GBP"
Market buy,2025-01-22 14:30:07.685,US17275R1023,CSCO,"Cisco Systems",,EOF26950672704,0.1811810000,61.19,USD,1.23319970,,"GBP",9.00,"GBP",0.01,"GBP"
Market buy,2025-01-22 14:30:08.939,US14448C1045,CARR,"Carrier Global",,EOF26950673138,0.0346980000,71.00,USD,1.23177900,,"GBP",2.00,"GBP",,
Market buy,2025-01-22 14:30:09.114,US42824C1099,HPE,"Hewlett Packard Enterprise",,EOF26950673696,0.4072060000,24.20,USD,1.23333982,,"GBP",8.00,"GBP",0.01,"GBP"
Market sell,2025-01-22 14:57:27.955,US02156V1098,OKLO,"Oklo",,EOF26952904943,0.0367750000,33.59,USD,1.23527225,0.02,"GBP",1.00,"GBP",,
Market sell,2025-01-22 14:57:28.017,US67066G1040,NVDA,"Nvidia",,EOF26952904951,0.0083840000,147.34,USD,1.23529856,0.02,"GBP",1.00,"GBP",,
Market sell,2025-01-22 14:57:28.297,US0420682058,ARM,"ARM",,EOF26952904955,0.0069127000,178.70,USD,1.23529949,0.10,"GBP",1.00,"GBP",,
Market sell,2025-01-22 14:57:28.528,US5949181045,MSFT,"Microsoft",,EOF26952904965,0.0028047000,440.46,USD,1.23535816,0.01,"GBP",1.00,"GBP",,
Market sell,2025-01-22 14:57:28.783,US0404132054,ANET,"Arista Networks",,EOF26952904971,0.0095530000,129.32,USD,1.23539396,0.02,"GBP",1.00,"GBP",,
Market sell,2025-01-22 14:57:29.297,US42824C1099,HPE,"Hewlett Packard Enterprise",,EOF26952904977,0.0503010000,24.56,USD,1.23539256,0.01,"GBP",1.00,"GBP",,
Market sell,2025-01-22 14:57:29.532,US5738741041,MRVL,"Marvell Technology",,EOF26952904981,0.0098133000,125.89,USD,1.23539633,0.01,"GBP",1.00,"GBP",,
Market sell,2025-01-22 14:57:30.27,US1717793095,CIEN,"Ciena",,EOF26952904989,0.0131520000,93.93,USD,1.23536736,0.01,"GBP",1.00,"GBP",,
Market sell,2025-01-22 14:57:30.756,US92537N1081,VRT,"Vertiv",,EOF26952904997,0.0081137000,152.26,USD,1.23539196,0.01,"GBP",1.00,"GBP",,
Market sell,2025-01-22 14:57:35.84,IE00B8KQN827,ETN,"Eaton",,EOF26952905019,0.0032899000,375.51,USD,1.23539034,0.00,"GBP",1.00,"GBP",,
Market buy,2025-01-22 14:57:36.121,US68389X1054,ORCL,"Oracle",,EOF26952905032,0.0538603000,183.66,USD,1.23341430,,"GBP",8.03,"GBP",0.01,"GBP"
Market buy,2025-01-22 14:57:36.121,US24703L2025,DELL,"Dell Technologies",,EOF26952905036,0.0721382000,120.05,USD,1.23364542,,"GBP",7.03,"GBP",0.01,"GBP"
Market sell,2025-01-24 12:39:23.743,IE00BK5BR733,VFEG,"Vanguard FTSE Emerging Markets (Acc)",,EOF27005799488,9.1673450000,50.96,GBP,1.00000000,7.17,"GBP",467.17,"GBP",,
Market sell,2025-01-24 12:39:27.175,IE00BNG8L278,V3AB,"Vanguard ESG Global All Cap (Acc)",,EOF27005799492,183.4195400000,5.39,GBP,1.00000000,27.90,"GBP",987.90,"GBP",,
Market sell,2025-01-24 12:39:30.552,IE00B53SZB19,CNX1,"iShares NASDAQ 100 (Acc)",,EOF27005799508,0.3958517200,100825.00,GBX,100.00000000,15.12,"GBP",399.12,"GBP",,
Market buy,2025-01-24 12:49:02.735,IE000X9FTI22,HIWS,"HSBC MSCI World Islamic ESG",,EOF27051350684,45.8015210000,20.96,GBP,1.00000000,,"GBP",960.00,"GBP",,
Market buy,2025-01-24 12:58:48.591,XS2545629631,HLAL,"Wahed FTSE USA Shariah (Acc)",,EOF27051352204,46.4428637600,1279.40,GBX,100.00000000,,"GBP",594.19,"GBP",,
Market buy,2025-01-24 14:30:00.604,US4581401001,INTC,"Intel",,EOF27051362511,0.5036500000,21.42,USD,1.24144798,,"GBP",8.70,"GBP",0.01,"GBP"
Market buy,2025-01-24 14:30:01.9,US17275R1023,CSCO,"Cisco Systems",,EOF27051364522,0.2605100000,62.07,USD,1.24192440,,"GBP",13.04,"GBP",0.02,"GBP"
Market buy,2025-01-24 14:30:01.9,US11135F1012,AVGO,"Broadcom",,EOF27051364512,0.0755737000,244.81,USD,1.24169110,,"GBP",14.92,"GBP",0.02,"GBP"
Market buy,2025-01-24 14:30:03.644,US67066G1040,NVDA,"Nvidia",,EOF27051366272,0.0798045000,148.39,USD,1.24131968,,"GBP",9.55,"GBP",0.01,"GBP"
Market buy,2025-01-24 14:30:03.644,US5738741041,MRVL,"Marvell Technology",,EOF27051366269,0.1816742000,126.68,USD,1.24201228,,"GBP",18.56,"GBP",0.03,"GBP"
Market buy,2025-01-24 14:30:04.343,US1717793095,CIEN,"Ciena",,EOF27051368296,0.0803850000,99.65,USD,1.24191709,,"GBP",6.46,"GBP",0.01,"GBP"
Market buy,2025-01-24 14:30:04.343,US2538681030,DLR,"Digital Realty Trust",,EOF27051368290,0.0991331000,184.00,USD,1.24169437,,"GBP",14.71,"GBP",0.02,"GBP"
Market buy,2025-01-24 14:30:04.343,IE00BY7QL619,JCI,"Johnson Controls International",,EOF27051368293,0.0393070000,82.65,USD,1.23997082,,"GBP",2.62,"GBP",,
Market buy,2025-01-24 14:30:04.343,US48203R1041,JNPR,"Juniper Networks",,EOF27051368278,0.1777330000,39.00,USD,1.24221989,,"GBP",5.59,"GBP",0.01,"GBP"
Market buy,2025-01-24 14:30:04.343,US21037T1097,CEG,"Constellation Energy",,EOF27051368281,0.0088390000,347.91,USD,1.23999052,,"GBP",2.48,"GBP",,
Market buy,2025-01-24 14:30:04.343,US5949181045,MSFT,"Microsoft",,EOF27051368287,0.0182651000,445.35,USD,1.24188737,,"GBP",6.56,"GBP",0.01,"GBP"
Market buy,2025-01-24 14:30:04.343,US14448C1045,CARR,"Carrier Global",,EOF27051368284,0.0469420000,70.00,USD,1.23997735,,"GBP",2.65,"GBP",,
Market buy,2025-01-24 14:30:05.015,US0079031078,AMD,"Advanced Micro Devices",,EOF27051372392,0.1751651000,124.45,USD,1.24212516,,"GBP",17.58,"GBP",0.03,"GBP"
Market buy,2025-01-24 14:30:05.015,US0420682058,ARM,"ARM",,EOF27051372398,0.0804040000,166.56,USD,1.24230892,,"GBP",10.80,"GBP",0.02,"GBP"
Market buy,2025-01-24 14:30:05.015,US1491231015,CAT,"Caterpillar",,EOF27051372401,0.0124305000,406.00,USD,1.24305000,,"GBP",4.07,"GBP",0.01,"GBP"
Market buy,2025-01-24 14:30:05.015,US00766T1007,ACM,"AECOM",,EOF27051372395,0.0479683000,108.83,USD,1.24295002,,"GBP",4.21,"GBP",0.01,"GBP"
Market buy,2025-01-24 14:30:05.015,US9291601097,VMC,"Vulcan Materials",,EOF27051372407,0.0184418000,279.04,USD,1.24299513,,"GBP",4.15,"GBP",0.01,"GBP"
Market buy,2025-01-24 14:30:05.015,US5951121038,MU,"Micron Technology",,EOF27051372404,0.2140814000,105.65,USD,1.24204832,,"GBP",18.24,"GBP",0.03,"GBP"
Market buy,2025-01-24 14:30:05.015,US46284V1017,IRM,"Iron Mountain",,EOF27051372416,0.0792058000,111.31,USD,1.24174614,,"GBP",7.11,"GBP",0.01,"GBP"
Market buy,2025-01-24 14:30:05.015,IE00B8KQN827,ETN,"Eaton",,EOF27051372410,0.0118423000,378.00,USD,1.24344150,,"GBP",3.61,"GBP",0.01,"GBP"
Market buy,2025-01-24 14:30:05.015,US24703L2025,DELL,"Dell Technologies",,EOF27051372413,0.1120936000,115.49,USD,1.24238866,,"GBP",10.44,"GBP",0.02,"GBP"
Market buy,2025-01-24 14:30:05.015,US0404132054,ANET,"Arista Networks",,EOF27051372422,0.1155483000,133.50,USD,1.24200467,,"GBP",12.44,"GBP",0.02,"GBP"
Market buy,2025-01-24 14:30:05.015,US29444U7000,EQIX,"Equinix",,EOF27051372425,0.0193310000,950.00,USD,1.24168018,,"GBP",14.81,"GBP",0.02,"GBP"
Market buy,2025-01-24 14:30:05.015,US02156V1098,OKLO,"Oklo",,EOF27051372419,1.2158290000,39.49,USD,1.24193189,,"GBP",38.72,"GBP",0.06,"GBP"
Market buy,2025-01-24 14:30:05.016,US46982L1089,J,"Jacobs Solutions",,EOF27051378009,0.0359009000,142.30,USD,1.24299223,,"GBP",4.12,"GBP",0.01,"GBP"
Market buy,2025-01-24 14:30:05.016,US68389X1054,ORCL,"Oracle",,EOF27051378015,0.0752007000,188.80,USD,1.24216029,,"GBP",11.45,"GBP",0.02,"GBP"
Market buy,2025-01-24 14:30:05.016,US92537N1081,VRT,"Vertiv",,EOF27051378012,0.0404515000,154.80,USD,1.24243892,,"GBP",5.05,"GBP",0.01,"GBP"
Market buy,2025-01-24 14:30:05.016,US3434121022,FLR,"Fluor",,EOF27051377985,0.0910540000,55.29,USD,1.24305571,,"GBP",4.06,"GBP",0.01,"GBP"
Market buy,2025-01-24 14:30:07.589,US8740391003,TSM,"Taiwan Semiconductor Manufacturing",,EOF27051380215,0.1123584000,226.46,USD,1.24180982,,"GBP",20.52,"GBP",0.03,"GBP"
Market buy,2025-01-24 14:30:20.995,US42824C1099,HPE,"Hewlett Packard Enterprise",,EOF27051385214,0.6367910000,24.50,USD,1.24214804,,"GBP",12.58,"GBP",0.02,"GBP"
Market sell,2025-01-24 14:32:37.463,US02156V1098,OKLO,"Oklo",,EOF27051388874,0.0411540000,40.52,USD,1.24444782,0.06,"GBP",1.34,"GBP",,
Market sell,2025-01-24 14:32:37.886,US0079031078,AMD,"Advanced Micro Devices",,EOF27051388879,0.0100233000,124.16,USD,1.24449292,0.00,"GBP",1.00,"GBP",,
Market sell,2025-01-24 14:32:38.882,US83404D1090,SFTBY,"SoftBank",,EOF27051388893,0.4349880000,34.01,USD,1.24318839,-0.08,"GBP",11.88,"GBP",0.02,"GBP"
Market sell,2025-01-24 17:26:31.701,US17275R1023,CSCO,"Cisco Systems",,EOF27055800115,0.0343760000,62.26,USD,1.25160804,0.00,"GBP",1.71,"GBP",,
Market sell,2025-01-24 17:26:31.825,US4581401001,INTC,"Intel",,EOF27055800119,0.0594010000,21.07,USD,1.25157907,-0.03,"GBP",1.00,"GBP",,
Market sell,2025-01-24 17:26:31.825,US0079031078,AMD,"Advanced Micro Devices",,EOF27055800123,0.0127146000,124.03,USD,1.25158082,-0.01,"GBP",1.26,"GBP",,
Market sell,2025-01-24 17:26:31.911,US1491231015,CAT,"Caterpillar",,EOF27055800129,0.0030599000,409.03,USD,1.25159089,0.00,"GBP",1.00,"GBP",,
Market sell,2025-01-24 17:26:31.964,US67066G1040,NVDA,"Nvidia",,EOF27055800133,0.0086538000,144.63,USD,1.25159909,-0.03,"GBP",1.00,"GBP",,
Market sell,2025-01-24 17:26:31.964,US0404132054,ANET,"Arista Networks",,EOF27055800136,0.0115886000,130.68,USD,1.25156880,-0.01,"GBP",1.21,"GBP",,
Market sell,2025-01-24 17:26:32.094,IE00BY7QL619,JCI,"Johnson Controls International",,EOF27055800144,0.0152670000,81.98,USD,1.25158866,-0.02,"GBP",1.00,"GBP",,
Market sell,2025-01-24 17:26:32.243,US14448C1045,CARR,"Carrier Global",,EOF27055800148,0.0177980000,70.32,USD,1.25155536,-0.01,"GBP",1.00,"GBP",,
Market sell,2025-01-24 17:26:32.622,US0420682058,ARM,"ARM",,EOF27055800154,0.0085080000,166.23,USD,1.25157950,0.00,"GBP",1.13,"GBP",,
Market sell,2025-01-24 17:26:32.749,US5949181045,MSFT,"Microsoft",,EOF27055800159,0.0028101000,445.39,USD,1.25159043,0.00,"GBP",1.00,"GBP",,
Market sell,2025-01-24 17:26:33.316,US42824C1099,HPE,"Hewlett Packard Enterprise",,EOF27055800166,0.0716060000,24.47,USD,1.25157058,-0.01,"GBP",1.40,"GBP",,
Market sell,2025-01-24 17:26:33.548,US8740391003,TSM,"Taiwan Semiconductor Manufacturing",,EOF27055800172,0.0132340000,223.19,USD,1.25156629,-0.04,"GBP",2.36,"GBP",,
Market sell,2025-01-24 17:26:33.97,US24703L2025,DELL,"Dell Technologies",,EOF27055800176,0.0118248000,114.31,USD,1.25156748,-0.04,"GBP",1.08,"GBP",,
Market sell,2025-01-24 17:26:34.589,US46982L1089,J,"Jacobs Solutions",,EOF27055800181,0.0088640000,141.20,USD,1.25159680,-0.02,"GBP",1.00,"GBP",,
Market sell,2025-01-24 17:26:34.911,US48203R1041,JNPR,"Juniper Networks",,EOF27055800187,0.0320180000,39.09,USD,1.25158362,0.00,"GBP",1.00,"GBP",,
Market sell,2025-01-24 17:26:35.618,US00766T1007,ACM,"AECOM",,EOF27055800191,0.0114657000,109.16,USD,1.25159581,-0.02,"GBP",1.00,"GBP",,
Market sell,2025-01-24 17:26:36.173,US21037T1097,CEG,"Constellation Energy",,EOF27055800195,0.0036169000,346.04,USD,1.25159207,0.01,"GBP",1.00,"GBP",,
Market sell,2025-01-24 17:26:37.242,US1717793095,CIEN,"Ciena",,EOF27055800201,0.0127290000,98.32,USD,1.25151528,0.00,"GBP",1.00,"GBP",,
Market sell,2025-01-24 17:26:45.452,US3434121022,FLR,"Fluor",,EOF27055800211,0.0228560000,54.76,USD,1.25159456,-0.01,"GBP",1.00,"GBP",,
Market sell,2025-01-24 17:26:49.267,US2538681030,DLR,"Digital Realty Trust",,EOF27055800222,0.0120830000,183.34,USD,1.25158035,-0.03,"GBP",1.77,"GBP",,
Market sell,2025-01-24 17:26:51.379,US29444U7000,EQIX,"Equinix",,EOF27055800229,0.0024332000,946.57,USD,1.25173593,-0.03,"GBP",1.84,"GBP",,
Market sell,2025-01-24 17:27:18.17,US46284V1017,IRM,"Iron Mountain",,EOF27055800266,0.0111878000,111.88,USD,1.25169106,-0.01,"GBP",1.00,"GBP",,
Market sell,2025-01-24 17:27:40.187,US9291601097,VMC,"Vulcan Materials",,EOF27055800315,0.0045113000,277.41,USD,1.25147973,-0.01,"GBP",1.00,"GBP",,
Market buy,2025-01-24 17:27:40.51,US5738741041,MRVL,"Marvell Technology",,EOF27055800326,0.1108312000,126.44,USD,1.25008893,,"GBP",11.23,"GBP",0.02,"GBP"
Market buy,2025-01-24 17:27:41.041,US5951121038,MU,"Micron Technology",,EOF27055800329,0.0306728000,103.74,USD,1.24784167,,"GBP",2.55,"GBP",,
Market buy,2025-01-24 17:27:41.184,US68389X1054,ORCL,"Oracle",,EOF27055800332,0.0844200000,184.77,USD,1.24986245,,"GBP",12.50,"GBP",0.02,"GBP"
Market buy,2025-01-24 17:27:42.263,US11135F1012,AVGO,"Broadcom",,EOF27055800345,0.0346021000,246.32,USD,1.24973449,,"GBP",6.83,"GBP",0.01,"GBP"
Deposit,2025-01-27 11:49:26.889,,,,"Transaction ID: 43113272-658d-409d-bbd9-18865d58a5e5",3cad2bde-75bb-4c00-8e36-73218ff4a882,,,,,,,500.00,"GBP",,
Market buy,2025-01-27 11:50:02.221,IE000X9FTI22,HIWS,"HSBC MSCI World Islamic ESG",,EOF27253370262,9.8960860000,20.21,GBP,1.00000000,,"GBP",200.00,"GBP",,
Market buy,2025-01-27 11:50:02.567,XS2545629631,HLAL,"Wahed FTSE USA Shariah (Acc)",,EOF27253370267,11.9851383400,1251.55,GBX,100.00000000,,"GBP",150.00,"GBP",,
Market buy,2025-01-27 14:30:01.876,US21037T1097,CEG,"Constellation Energy",,EOF27255650099,0.0086931000,293.00,USD,1.24856779,,"GBP",2.04,"GBP",,
Market buy,2025-01-27 14:30:01.876,US5951121038,MU,"Micron Technology",,EOF27255650096,0.0961270000,94.95,USD,1.25030940,,"GBP",7.31,"GBP",0.01,"GBP"
Market buy,2025-01-27 14:30:01.876,US4581401001,INTC,"Intel",,EOF27255650093,0.1306090000,20.84,USD,1.24857411,,"GBP",2.18,"GBP",,
Market buy,2025-01-27 14:30:03.968,US48203R1041,JNPR,"Juniper Networks",,EOF27255653765,0.0566200000,39.03,USD,1.24851898,,"GBP",1.77,"GBP",,
Market buy,2025-01-27 14:30:03.969,US3434121022,FLR,"Fluor",,EOF27255654472,0.0490300000,53.22,USD,1.24850555,,"GBP",2.09,"GBP",,
Market buy,2025-01-27 14:30:03.969,US46982L1089,J,"Jacobs Solutions",,EOF27255654481,0.0156507000,142.00,USD,1.24853898,,"GBP",1.78,"GBP",,
Market buy,2025-01-27 14:30:03.969,US2538681030,DLR,"Digital Realty Trust",,EOF27255654478,0.0299021000,166.60,USD,1.25168086,,"GBP",3.99,"GBP",0.01,"GBP"
Market buy,2025-01-27 14:30:06.633,US17275R1023,CSCO,"Cisco Systems",,EOF27255656192,0.0642670000,61.39,USD,1.24852883,,"GBP",3.16,"GBP",,
Market buy,2025-01-27 14:30:06.633,IE00BY7QL619,JCI,"Johnson Controls International",,EOF27255656189,0.0268370000,80.02,USD,1.24854461,,"GBP",1.72,"GBP",,
Market buy,2025-01-27 14:30:06.633,US14448C1045,CARR,"Carrier Global",,EOF27255656195,0.0291560000,68.08,USD,1.24839023,,"GBP",1.59,"GBP",,
Market buy,2025-01-27 14:30:07.656,US5738741041,MRVL,"Marvell Technology",,EOF27255661559,0.1410219000,107.83,USD,1.25052561,,"GBP",12.18,"GBP",0.02,"GBP"
Market buy,2025-01-27 14:30:07.656,US0079031078,AMD,"Advanced Micro Devices",,EOF27255661568,0.0581431000,117.89,USD,1.25081935,,"GBP",5.49,"GBP",0.01,"GBP"
Market buy,2025-01-27 14:30:07.656,US9291601097,VMC,"Vulcan Materials",,EOF27255661565,0.0075656000,278.88,USD,1.24845830,,"GBP",1.69,"GBP",,
Market buy,2025-01-27 14:30:07.656,US46284V1017,IRM,"Iron Mountain",,EOF27255661562,0.0222430000,109.45,USD,1.24845966,,"GBP",1.95,"GBP",,
Market buy,2025-01-27 14:30:08.862,US29444U7000,EQIX,"Equinix",,EOF27255665841,0.0051365000,931.02,USD,1.25188068,,"GBP",3.83,"GBP",0.01,"GBP"
Market buy,2025-01-27 14:30:08.862,US5949181045,MSFT,"Microsoft",,EOF27255665838,0.0067651000,424.50,USD,1.24860215,,"GBP",2.30,"GBP",,
Market buy,2025-01-27 14:30:08.862,US1491231015,CAT,"Caterpillar",,EOF27255665755,0.0055389000,398.96,USD,1.24847431,,"GBP",1.77,"GBP",,
Market buy,2025-01-27 14:30:08.862,US67066G1040,NVDA,"Nvidia",,EOF27255665780,0.0403116000,124.81,USD,1.25156487,,"GBP",4.03,"GBP",0.01,"GBP"
Market buy,2025-01-27 14:30:08.862,US11135F1012,AVGO,"Broadcom",,EOF27255665777,0.0540996000,212.31,USD,1.24982438,,"GBP",9.20,"GBP",0.01,"GBP"
Market buy,2025-01-27 14:30:14.073,US0420682058,ARM,"ARM",,EOF27255671810,0.0332966000,150.00,USD,1.25175187,,"GBP",4.00,"GBP",0.01,"GBP"
Market buy,2025-01-27 14:30:14.073,US00766T1007,ACM,"AECOM",,EOF27255671814,0.0195701000,109.10,USD,1.24859526,,"GBP",1.71,"GBP",,
Market buy,2025-01-27 14:30:20.634,US02156V1098,OKLO,"Oklo",,EOF27255683233,1.9135850000,32.63,USD,1.25055634,,"GBP",50.00,"GBP",0.07,"GBP"
Market buy,2025-01-27 14:30:37.014,US42824C1099,HPE,"Hewlett Packard Enterprise",,EOF27255683945,0.1979500000,23.47,USD,1.25226051,,"GBP",3.72,"GBP",0.01,"GBP"
Market buy,2025-01-27 14:30:53.006,IE00B8KQN827,ETN,"Eaton",,EOF27255684604,0.0041690000,326.48,USD,1.24871111,,"GBP",1.09,"GBP",,
Market buy,2025-01-27 14:31:12.935,US1717793095,CIEN,"Ciena",,EOF27255686081,0.0405050000,85.39,USD,1.24863608,,"GBP",2.77,"GBP",,
Market buy,2025-01-27 14:31:45.386,US0404132054,ANET,"Arista Networks",,EOF27255687258,0.0520103000,110.48,USD,1.25187319,,"GBP",4.60,"GBP",0.01,"GBP"
Market buy,2025-01-27 14:32:07.185,US8740391003,TSM,"Taiwan Semiconductor Manufacturing",,EOF27255688211,0.0501565000,198.01,USD,1.25081719,,"GBP",7.95,"GBP",0.01,"GBP"
Market buy,2025-01-27 14:32:49.072,US92537N1081,VRT,"Vertiv",,EOF27255689835,0.0241808000,117.25,USD,1.24898625,,"GBP",2.27,"GBP",,
Market buy,2025-01-27 14:33:19.76,US24703L2025,DELL,"Dell Technologies",,EOF27255690837,0.0433074000,107.00,USD,1.25240318,,"GBP",3.71,"GBP",0.01,"GBP"
Market buy,2025-01-27 14:35:02.779,US68389X1054,ORCL,"Oracle",,EOF27255694277,0.0516202000,170.10,USD,1.25079715,,"GBP",7.03,"GBP",0.01,"GBP"
Market sell,2025-02-13 14:35:17.298,US17275R1023,CSCO,"Cisco Systems",,EOF28100338827,0.4715820000,66.30,USD,1.24664619,1.62,"GBP",25.04,"GBP",0.04,"GBP"
Market sell,2025-02-13 14:35:55.395,IE00BY7QL619,JCI,"Johnson Controls International",,EOF28100341581,0.0806050000,88.62,USD,1.24663439,0.41,"GBP",5.72,"GBP",0.01,"GBP"
Market sell,2025-02-13 15:15:41.409,US4581401001,INTC,"Intel",,EOF28102766106,0.9148300000,24.32,USD,1.25062763,1.96,"GBP",17.76,"GBP",0.03,"GBP"
Market sell,2025-02-13 19:36:45.773,US0420682058,ARM,"ARM",,EOF28104865916,0.1518942000,163.00,USD,1.25424288,0.01,"GBP",19.71,"GBP",0.03,"GBP"
Market buy,2025-02-14 17:36:05.419,US02156V1098,OKLO,"Oklo",,EOF28153589840,1.6413160000,52.32,USD,1.26043817,,"GBP",68.23,"GBP",0.10,"GBP"